use order_System;

INSERT INTO `order_System`.`Publisher` VALUES ('mohamed1','012345678','place1');
INSERT INTO `order_System`.`Publisher` VALUES ('mohamed2','012345678','place2');
INSERT INTO `order_System`.`Publisher` VALUES ('mohamed3','012345678','place3');
INSERT INTO `order_System`.`Publisher` VALUES ('mohamed4','012345678','place4');
INSERT INTO `order_System`.`Publisher` VALUES ('mohamed5','012345678','place5');
INSERT INTO `order_System`.`Publisher` VALUES ('mohamed6','012345678','place6');
INSERT INTO `order_System`.`Publisher` VALUES ('mohamed7','012345678','place7');
INSERT INTO `order_System`.`Publisher` VALUES ('mohamed8','012345678','place1');
INSERT INTO `order_System`.`Publisher` VALUES ('mohamed9','012345678','place1');
INSERT INTO `order_System`.`Publisher` VALUES ('mohamed10','012345678','place1');

INSERT INTO `order_System`.`Book` VALUES ('12343','Title1','mohamed1','2000',37,'Science',6,100);
INSERT INTO `order_System`.`Book` VALUES ('12345','Title2','mohamed3','2001',364,'Art',5,100);
INSERT INTO `order_System`.`Book` VALUES ('12745','Title3','mohamed1','2002',234,'History',3,100);
INSERT INTO `order_System`.`Book` VALUES ('12323','Title4','mohamed2','2003',366,'Geography',6,100);
INSERT INTO `order_System`.`Book` VALUES ('12863','Title5','mohamed6','2004',76,'Religion',7,100);
INSERT INTO `order_System`.`Book` VALUES ('12873','Title6','mohamed9','2005',45.5,'Art',8,100);
INSERT INTO `order_System`.`Book` VALUES ('12173','Title7','mohamed4','2006',60.3,'Science',9,100);

INSERT INTO `order_System`.`Authors` VALUES ('12343','ziad1');
INSERT INTO `order_System`.`Authors` VALUES ('12343','ziad2');
INSERT INTO `order_System`.`Authors` VALUES ('12345','ziad3');
INSERT INTO `order_System`.`Authors` VALUES ('12745','ziad4');
INSERT INTO `order_System`.`Authors` VALUES ('12323','ziad5');
INSERT INTO `order_System`.`Authors` VALUES ('12863','ziad6');
INSERT INTO `order_System`.`Authors` VALUES ('12873','ziad7');
INSERT INTO `order_System`.`Authors` VALUES ('12173','ziad8');
INSERT INTO `order_System`.`Authors` VALUES ('12343','ziad9');

INSERT INTO `order_System`.`User` VALUES ('ziadm','1234','ziad','hendawy','ziad@gmail.com','01234567','place23','Manager');
INSERT INTO `order_System`.`User` VALUES ('ziadc','1234','ziad','hendawy','ziad@gmail.com','01234567','place23','Customer');
